position,company,location,status,mode,createdAt
VP Accounting,Jazzy,Cihambali,pending,internship,2025-12-12T04:02:14Z
Compensation Analyst,Talane,Kasamatsuchō,declined,full-time,2025-11-03T15:50:49Z
Registered Nurse,Zoomlounge,Yilan,pending,part-time,2025-12-03T11:42:22Z
Pharmacist,Layo,Muhoroni,pending,part-time,2025-04-26T23:03:14Z
Geologist II,Zooxo,Jubaoshan,pending,full-time,2026-01-22T14:21:57Z
Recruiting Manager,Oyope,Ximafang,pending,part-time,2025-12-08T17:07:23Z
Product Engineer,Browseblab,Bunisari,interview,full-time,2025-10-18T02:57:08Z
Health Coach I,Skimia,Zhangjiafang,declined,full-time,2026-02-08T09:24:37Z
Media Manager II,Brainverse,Nagornyy,interview,full-time,2026-02-02T02:36:08Z
Internal Auditor,Vinte,Tunggaoen Timur,declined,full-time,2025-07-29T19:54:08Z
Senior Cost Accountant,Devshare,Date,interview,full-time,2026-02-02T23:00:24Z
Senior Sales Associate,Lazzy,Summerland,declined,internship,2025-11-28T03:29:14Z
Office Assistant I,Edgewire,Grabów nad Prosną,pending,full-time,2025-08-12T15:06:54Z
Recruiting Manager,Tagpad,Jadowniki Mokre,pending,internship,2025-04-29T09:28:40Z
Database Administrator I,Katz,Nagornyy,pending,part-time,2025-04-24T12:41:03Z
Programmer II,Fiveclub,Leipsoí,pending,internship,2025-03-20T02:14:05Z
Software Consultant,Buzzshare,Karbunara e Vogël,interview,full-time,2025-09-04T14:04:13Z
Software Consultant,Quinu,Lamoso,pending,internship,2025-04-21T07:32:11Z
Business Systems Development Analyst,Brainverse,Wetzlar,interview,full-time,2025-11-19T20:57:08Z
Mechanical Systems Engineer,Youspan,Qalyūb,pending,part-time,2025-08-14T23:29:38Z
Software Test Engineer II,Pixoboo,Předměřice nad Labem,declined,full-time,2026-02-25T15:47:11Z
Programmer I,Dazzlesphere,Ra-ngae,interview,full-time,2025-08-30T08:18:01Z
Systems Administrator III,Yabox,Nedašov,pending,internship,2025-06-16T22:17:48Z
Product Engineer,Aivee,Dawe,declined,part-time,2025-07-14T16:33:51Z
Financial Advisor,Jaxspan,Kolpny,pending,full-time,2025-03-31T06:41:58Z
Research Assistant IV,Cogibox,Lavras,interview,part-time,2025-05-28T02:15:42Z
Associate Professor,Skajo,Mocoa,interview,part-time,2025-09-30T14:52:26Z
Desktop Support Technician,Tekfly,Chợ Gạo,pending,full-time,2026-01-15T10:09:33Z
Senior Cost Accountant,Tekfly,Duekoué,pending,full-time,2025-06-10T13:44:47Z
Software Test Engineer III,Yoveo,Municipio de Copacabana,declined,full-time,2025-05-18T09:47:01Z
Cost Accountant,Feedfish,Borbon,interview,part-time,2025-12-05T17:50:03Z
Mechanical Systems Engineer,Fatz,Jiangkou,pending,part-time,2025-04-01T15:17:46Z
Administrative Officer,Zoombeat,Tuka,pending,internship,2025-06-08T15:32:33Z
Nurse Practicioner,Twitterwire,Akunk’,interview,internship,2026-02-20T20:31:08Z
Librarian,Brightdog,Xinjia,declined,internship,2025-12-12T13:47:03Z
GIS Technical Architect,Jabbersphere,Pianbai,declined,part-time,2025-06-21T18:02:24Z
Senior Financial Analyst,Brainverse,Gaojiazhuang,interview,internship,2025-06-20T02:55:32Z
Design Engineer,Twimbo,Lugui,pending,internship,2026-01-11T10:05:11Z
Editor,Twinder,Alicia,interview,internship,2026-02-16T19:45:56Z
Junior Executive,Livefish,Forino,declined,part-time,2025-12-14T10:48:50Z
Media Manager I,Rhyloo,Fulin,interview,part-time,2025-03-21T14:07:13Z
Legal Assistant,Aimbu,Linköping,interview,full-time,2026-02-28T20:55:47Z
Legal Assistant,Gabvine,Żebbuġ,declined,part-time,2025-11-30T19:48:32Z
Senior Cost Accountant,Oyondu,North Cowichan,interview,full-time,2025-03-26T08:22:07Z
Librarian,Edgeblab,Jiufang,pending,part-time,2025-05-21T21:30:27Z
Legal Assistant,Geba,Islamey,declined,internship,2025-07-20T20:44:35Z
GIS Technical Architect,Browsetype,Lameiras,interview,full-time,2026-01-01T00:10:50Z
Biostatistician II,Blogpad,Moca,declined,part-time,2025-03-14T22:10:19Z
Research Assistant I,Twitternation,Jianba,interview,part-time,2025-10-19T19:57:15Z
Account Executive,Tavu,Itatiba,declined,full-time,2025-05-14T18:59:06Z
Engineer III,Janyx,Amsterdam Oud Zuid en Rivierenbuurt,interview,full-time,2025-09-17T15:38:55Z
VP Accounting,Vipe,Corozal,pending,internship,2025-03-16T07:56:05Z
Dental Hygienist,Eamia,Woha,pending,internship,2026-01-26T21:26:18Z
Paralegal,Edgewire,Saddina,pending,part-time,2025-09-01T12:29:52Z
Automation Specialist I,Yakidoo,Wuhao,pending,part-time,2025-06-06T07:33:13Z
Research Nurse,Oozz,Gagarin,declined,part-time,2025-07-31T03:25:18Z
Marketing Assistant,Oyonder,Iida,interview,full-time,2025-07-27T22:48:38Z
Chemical Engineer,Dynabox,Zhongpai,pending,part-time,2025-05-21T02:10:12Z
Help Desk Operator,Twimbo,Jinping,declined,part-time,2025-11-10T23:00:00Z
Recruiting Manager,Trilia,Gremyachinsk,pending,part-time,2026-01-14T01:22:16Z
Mechanical Systems Engineer,Topicstorm,Chwaszczyno,pending,full-time,2025-08-27T04:20:14Z
Desktop Support Technician,Edgewire,Duqiao,pending,internship,2025-05-24T18:07:52Z
Director of Sales,Topicshots,Saint Hubert,pending,part-time,2025-10-31T09:21:08Z
Environmental Specialist,Demizz,Kebon,interview,part-time,2025-07-19T14:49:53Z
Executive Secretary,Voolia,Ciklapa,pending,full-time,2025-10-13T19:36:50Z
Sales Representative,Thoughtworks,Il’ya,declined,internship,2025-11-07T11:30:50Z
Recruiter,Eazzy,Wujiayao,pending,full-time,2025-09-17T18:25:11Z
Social Worker,Blogpad,Qixingtai,declined,internship,2025-04-10T07:20:46Z
Account Executive,Yozio,Baoshan,declined,part-time,2025-04-26T00:36:22Z
Staff Scientist,Riffpedia,Saint John,pending,part-time,2025-03-13T10:48:39Z
VP Accounting,Zoomcast,Stupino,interview,part-time,2025-07-12T05:23:17Z
Developer IV,Aimbu,Ifanes,interview,internship,2025-06-11T06:20:36Z
Marketing Manager,Youopia,Rayevskaya,pending,part-time,2025-05-16T07:40:34Z
Research Assistant IV,Tazz,Paço de Arcos,pending,part-time,2025-11-25T18:47:13Z
Geological Engineer,Devcast,Ipojuca,interview,full-time,2025-11-11T21:02:22Z
Database Administrator III,Izio,Mrzeżyno,declined,internship,2025-12-03T23:33:24Z
Statistician II,Rhynoodle,Tungol,pending,internship,2025-05-28T03:01:08Z
Recruiter,Vipe,Penambangan,interview,part-time,2025-07-14T10:38:39Z
Human Resources Assistant II,Flipstorm,Villeneuve-lès-Avignon,interview,full-time,2025-10-31T14:23:51Z
Nurse Practicioner,Jetpulse,Daejeon,interview,full-time,2025-10-28T12:59:54Z
Software Test Engineer II,Pixoboo,Tungdor,pending,full-time,2025-10-05T08:00:37Z
Associate Professor,Devshare,Franco da Rocha,declined,internship,2025-05-19T01:44:19Z
Web Developer III,Roodel,Alexandria,interview,part-time,2025-05-03T18:18:56Z
Structural Engineer,Ailane,Beidu,declined,full-time,2025-08-01T08:31:59Z
Help Desk Operator,Tagcat,Quintã,declined,full-time,2025-12-17T07:32:07Z
Web Designer III,Meejo,Valle de Guanape,pending,internship,2025-11-17T17:32:00Z
Media Manager IV,Voonix,Valera,pending,part-time,2025-11-18T16:16:33Z
Automation Specialist III,Photospace,Salt Lake City,interview,internship,2026-02-12T20:42:00Z
Statistician I,Leexo,Katabu,interview,full-time,2026-02-07T04:13:51Z
Web Designer I,Dazzlesphere,Bayan Gol,interview,part-time,2025-09-08T01:15:35Z
Web Developer II,Yambee,Ust’-Uda,declined,full-time,2025-07-16T10:10:34Z
Cost Accountant,Browsebug,Cikayas,pending,internship,2025-12-23T07:05:05Z
Web Designer II,Zoonoodle,Medzhibozh,pending,internship,2025-06-09T12:39:47Z
GIS Technical Architect,Roomm,Piraquara,interview,internship,2025-12-17T09:29:47Z
Junior Executive,Thoughtbridge,Fuan,interview,part-time,2025-04-16T18:44:58Z
Associate Professor,Myworks,Ḩawallī,pending,full-time,2025-09-04T05:20:03Z
Data Coordinator,Photobug,Novi Slankamen,pending,internship,2025-04-30T23:05:20Z
Account Coordinator,Rhyloo,Chapadinha,interview,full-time,2025-12-07T03:00:21Z
Cost Accountant,Quatz,Ninove,declined,full-time,2026-02-13T08:01:34Z
Sales Representative,Aivee,Chybie,interview,full-time,2025-07-13T10:42:55Z
